"","STATUS","POLICE_ZONE","COUNCIL_DISTRICT","NEIGHBORHOOD","GEO_ACCURACY","REQUEST_ORIGIN","TRACT","X_full_text","REQUEST_TYPE","PLI_DIVISION","Y","CREATED_ON","PUBLIC_WORKS_DIVISION","REQUEST_ID","DEPARTMENT","X","WARD","X_id","FIRE_ZONE","date"
"1","Open","6","4","Brookline","EXACT","Call Center","42003191800","'+00':26 '-09':21 '-14':22 '-26':4 '-80.0125241':6 '0':7 '00':25,27 '19':5 '2018':20 '288522':2 '36':24 '4':3,10 '40.3885026':1 '42003191800':18 '5':9 '6':12 'brooklin':8 'call':13 'center':14 'dpw':15 'exact':19 'mainten':17 'pothol':11 'street':16 't12':23","Potholes","19",40.3885026,"2018-09-14T12:36:00","5","288522","DPW - Street Maintenance",-80.0125241,"19",275512,"4-26",2018-09-14
"2","Open","1","1","Perry North","EXACT","Website","42003260700","'+00':11 '-09':6 '-14':7 '-15':15 '-80.0112618':20 '0':17 '00':10,12 '1':14,16 '2018':5 '26':4 '288367':21 '40.4853558':18 '42003260700':13 '52':9 'dpw':23 'exact':22 'mainten':25 'north':3 'perri':2 'pothol':19 'street':24 't07':8 'websit':1","Potholes","26",40.4853558,"2018-09-14T07:52:00","1","288367","DPW - Street Maintenance",-80.0112618,"26",275356,"1-15",2018-09-14
"3","Open","2","7","Lower Lawrenceville","EXACT","Call Center","42003060300","'+00':15 '-09':10 '-14':11 '-6':6 '-79.9599068873':27 '00':14,16 '2':1 '2018':9 '288429':2 '3':5,8 '36':13 '40.4646550659':7 '42003060300':4 '6':18 '7':3 'call':19 'center':20 'dpw':23 'exact':26 'lawrencevill':22 'lower':21 'mainten':25 'pothol':17 'street':24 't09':12","Potholes","6",40.4646550659157,"2018-09-14T09:36:00","2","288429","DPW - Street Maintenance",-79.9599068872803,"6",275417,"3-6",2018-09-14
"4","Open","4","7","Shadyside","EXACT","Call Center","42003070900","'+00':15 '-09':10 '-1':7 '-14':11 '-79.9437626783':3 '00':14,16 '2':17 '2018':9 '288462':1 '3':5,6 '37':13 '4':18 '40.4553511312':8 '42003070900':4 '7':2 '8':22 'call':20 'center':21 'dpw':23 'exact':27 'mainten':25 'pothol':19 'shadysid':26 'street':24 't10':12","Potholes","8",40.4553511311703,"2018-09-14T10:37:00","2","288462","DPW - Street Maintenance",-79.9437626782959,"8",275451,"3-1",2018-09-14
"5","Open","4","5","Squirrel Hill South","EXACT","Twitter","42003140800","'+00':7 '-09':2 '-14':3 '-21':25 '-79.9193242349':27 '00':6,8 '14':12 '2':24 '2018':1 '288495':15 '29':5 '3':16 '4':19 '40.4308597673':17 '42003140800':13 '5':18 'dpw':21 'exact':26 'hill':10 'mainten':23 'pothol':20 'south':11 'squirrel':9 'street':22 't11':4 'twitter':14","Potholes","14",40.4308597673471,"2018-09-14T11:29:00","3","288495","DPW - Street Maintenance",-79.9193242349182,"14",275485,"2-21",2018-09-14
"6","Open","6","4","Beechview","EXACT","Call Center","42003192000","'+00':24 '-09':19 '-14':20 '-28':27 '-80.0197232':4 '0':7 '00':23,25 '19':3 '2018':18 '288496':5 '30':22 '4':9,26 '40.4090019':1 '42003192000':2 '5':8 '6':11 'beechview':6 'call':12 'center':13 'dpw':14 'exact':17 'mainten':16 'pothol':10 'street':15 't11':21","Potholes","19",40.4090019,"2018-09-14T11:30:00","5","288496","DPW - Street Maintenance",-80.0197232,"19",275488,"4-28",2018-09-14
"7","Open","6","4","Brookline","EXACT","Call Center","42003191700","'+00':16 '-09':11 '-14':12 '-26':4 '-80.0091191873':18 '0':7 '00':15,17 '19':5 '2018':10 '288545':2 '37':14 '4':3,27 '40.411289415':6 '42003191700':22 '5':9 '6':19 'brooklin':8 'call':20 'center':21 'dpw':23 'exact':26 'mainten':25 'overgrowth':1 'street':24 't13':13","Overgrowth","19",40.41128941501,"2018-09-14T13:37:00","5","288545","DPW - Street Maintenance",-80.0091191873108,"19",275536,"4-26",2018-09-14
"8","Open","4","5","Hays","EXACT","Website","42003562900","'+00':14 '-09':9 '-14':10 '-20':18 '-79.932913':20 '00':13,15 '2018':8 '288546':3 '3':6 '31':5 '37':12 '4':17,25 '40.388594':19 '42003562900':4 '5':7 'dpw':21 'exact':24 'hay':2 'mainten':23 'pothol':16 'street':22 't13':11 'websit':1","Potholes","31",40.388594,"2018-09-14T13:37:00","3","288546","DPW - Street Maintenance",-79.932913,"31",275539,"4-20",2018-09-14
"9","Open","2","7","Central Lawrenceville","EXACT","Website","42003090200","'+00':16 '-09':11 '-14':12 '-3':7 '-79.9569427':4 '00':15,17 '2':19 '2018':10 '28':14 '288520':5 '3':6,18 '40.4710813':21 '42003090200':2 '7':3 '9':22 'central':8 'dpw':23 'exact':26 'lawrencevill':9 'mainten':25 'pothol':20 'street':24 't12':13 'websit':1","Potholes","9",40.4710813,"2018-09-14T12:28:00","2","288520","DPW - Street Maintenance",-79.9569427,"9",275510,"3-3",2018-09-14
"10","Open","4","8","Shadyside","EXACT","Control Panel","42003070300","'+00':10 '-09':5 '-14':6 '-22':27 '-79.935294087':20 '00':9,11 '15':8 '2':17 '2018':4 '288515':25 '3':16,26 '4':18 '40.4511364531':13 '42003070300':3 '7':2 '8':21 'control':14 'dpw':22 'exact':12 'mainten':24 'panel':15 'pothol':19 'shadysid':1 'street':23 't12':7","Potholes","7",40.4511364531195,"2018-09-14T12:15:00","2","288515","DPW - Street Maintenance",-79.9352940870331,"7",275505,"3-22",2018-09-14
"11","Open","3","3","South Side Slopes","EXACT","Call Center","42003160800","'+00':15 '-09':10 '-14':11 '-24':26 '-79.9662132':5 '00':14,16 '16':2 '2018':9 '288573':7 '3':8 '4':25 '40.4234164':6 '42003160800':4 '52':13 'call':20 'center':21 'dpw':22 'exact':3 'mainten':24 'overgrowth':1 'side':18 'slope':19 'south':17 'street':23 't14':12","Overgrowth","16",40.4234164,"2018-09-14T14:52:00","3","288573","DPW - Street Maintenance",-79.9662132,"16",275563,"4-24",2018-09-14
"12","Open","1","6","Chateau","EXACT","Call Center","42003980600","'+00':25 '-09':20 '-14':21 '-8':2 '-80.0191099483':7 '0':10 '00':24,26 '1':1,9 '2018':19 '21':6 '288578':5 '40.4510079608':3 '42003980600':4 '58':23 '6':12 'call':13 'center':14 'chateau':8 'dpw':15 'exact':18 'mainten':17 'pothol':11 'street':16 't14':22","Potholes","21",40.4510079608216,"2018-09-14T14:58:00","1","288578","DPW - Street Maintenance",-80.0191099483051,"21",275568,"1-8",2018-09-14
"13","Open","6","2","Crafton Heights","EXACT","Call Center","42003281400","'+00':27 '-09':22 '-14':23 '-16':9 '-80.052162':7 '0':10 '00':26,28 '01':25 '1':8 '2':11 '20':1 '2018':21 '288580':2 '40.4512793':3 '42003281400':14 '5':12 '6':6 'call':15 'center':16 'crafton':4 'dpw':17 'exact':20 'height':5 'mainten':19 'pothol':13 'street':18 't15':24","Potholes","20",40.4512793,"2018-09-14T15:01:00","5","288580","DPW - Street Maintenance",-80.052162,"20",275570,"1-16",2018-09-14
"14","Open","6","2","Westwood","EXACT","Call Center","42003563100","'+00':9 '-09':4 '-14':5 '-18':26 '-80.0388621':12 '0':14 '00':8,10 '1':25 '2':15 '20':21 '2018':3 '288592':2 '32':7 '40.43262':1 '42003563100':13 '5':16 '6':18 'call':19 'center':20 'dpw':22 'exact':11 'mainten':24 'pothol':17 'street':23 't15':6 'westwood':27","Potholes","20",40.43262,"2018-09-14T15:32:00","5","288592","DPW - Street Maintenance",-80.0388621,"20",275581,"1-18",2018-09-14
"15","Open","1","1","Spring Hill-City View","EXACT","Call Center","42003262000","'+00':28 '-09':23 '-14':24 '-24':4 '-79.9967679':15 '0':12 '00':27,29 '1':3,11 '2018':22 '24':1 '288594':2 '35':26 '40.4611145':13 '42003262000':5 'call':16 'center':17 'citi':9 'dpw':18 'exact':21 'hill':8 'hill-citi':7 'mainten':20 'pothol':14 'spring':6 'street':19 't15':25 'view':10","Potholes","24",40.4611145,"2018-09-14T15:35:00","1","288594","DPW - Street Maintenance",-79.9967679,"24",275584,"1-24",2018-09-14
"16","Open","1","1","Summer Hill","EXACT","Call Center","42003261200","'+00':15 '-09':10 '-14':11 '-15':2 '-80.0094953':6 '0':8 '00':14,16 '09':13 '1':1,7 '2018':9 '26':3 '288611':4 '40.4985325':5 '42003261200':23 'call':18 'center':19 'dpw':20 'exact':24 'hill':26 'mainten':22 'pothol':17 'street':21 'summer':25 't16':12","Potholes","26",40.4985325,"2018-09-14T16:09:00","1","288611","DPW - Street Maintenance",-80.0094953,"26",275601,"1-15",2018-09-14
"17","Open","4","8","North Oakland","EXACT","Control Panel","42003040400","'+00':11 '-09':6 '-14':7 '-79.9481266233':26 '-9':15 '00':10,12 '11':9 '2':14 '2018':5 '288613':4 '3':18 '4':19 '40.4452680277':3 '42003040400':13 '8':21 'control':16 'dpw':22 'exact':25 'mainten':24 'north':1 'oakland':2 'panel':17 'pothol':20 'street':23 't16':8","Potholes","4",40.445268027709,"2018-09-14T16:11:00","3","288613","DPW - Street Maintenance",-79.9481266233135,"4",275604,"2-9",2018-09-14
"18","Open","4","8","Shadyside","EXACT","Control Panel","42003070300","'+00':18 '-09':13 '-14':14 '-22':26 '-79.9357751':27 '00':17,19 '10':16 '2':9 '2018':12 '288612':3 '3':8,25 '4':10 '40.4527744':5 '42003070300':2 '7':1 '8':20 'control':6 'dpw':21 'exact':4 'mainten':23 'panel':7 'pothol':11 'shadysid':24 'street':22 't16':15","Potholes","7",40.4527744,"2018-09-14T16:10:00","2","288612","DPW - Street Maintenance",-79.9357751,"7",275603,"3-22",2018-09-14
"19","Open","1","1","Marshall-Shadeland","EXACT","Call Center","42003271500","'+00':14 '-09':9 '-14':10,20 '-80.03329':6 '0':18 '00':13,15 '1':17,19 '2018':8 '27':1 '288641':7 '32':12 '40.4680926':16 '42003271500':27 'call':22 'center':23 'dpw':24 'exact':5 'mainten':26 'marshal':3 'marshall-shadeland':2 'pothol':21 'shadeland':4 'street':25 't17':11","Potholes","27",40.4680926,"2018-09-14T17:32:00","1","288641","DPW - Street Maintenance",-80.03329,"27",275632,"1-14",2018-09-14
"20","Open","4","5","Greenfield","EXACT","Report2Gov iOS","42003151700","'+00':24 '-09':19 '-14':20 '-15':10 '-79.927177':16 '00':23,25 '09':22 '15':5 '2':9 '2018':18 '288650':8 '3':11 '4':13 '40.426678':7 '42003151700':15 '5':12 'domi':3 'exact':17 'greenfield':6 'io':2 'pothol':14 'report2gov':1 'street':4 't21':21","Potholes","15",40.426678,"2018-09-14T21:09:00","3","288650","DOMI - Streets",-79.927177,"15",275641,"2-15",2018-09-14
"21","Open","6","4","Beechview","EXACT","Website","42003191600","'+00':10 '-09':5 '-15':6 '-28':26 '-80.0138196':3 '0':14 '00':9,11 '01':8 '19':12 '2018':4 '288666':15 '4':17,25 '40.4125094':24 '42003191600':2 '5':16 '6':19 'beechview':13 'dpw':20 'exact':23 'mainten':22 'pothol':18 'street':21 't11':7 'websit':1","Potholes","19",40.4125094,"2018-09-15T11:01:00","5","288666","DPW - Street Maintenance",-80.0138196,"19",275657,"4-28",2018-09-15
"22","Open","3","4","Carrick","EXACT","Website","42003290400","'+00':10 '-09':5 '-15':19 '-16':6 '-79.9790975':13 '0':14 '00':9,11 '2018':4 '288731':3 '29':12 '3':15 '31':8 '4':16,18 '40.3919867':24 '42003290400':20 'carrick':2 'dpw':21 'exact':25 'mainten':23 'pothol':17 'street':22 't17':7 'websit':1","Potholes","29",40.3919867,"2018-09-16T17:31:00","3","288731","DPW - Street Maintenance",-79.9790975,"29",275722,"4-15",2018-09-16
"23","Open","1","6","Central Northside","EXACT","Website","42003250300","'+00':8 '-09':3 '-16':4 '-21':18 '-80.015125746':13 '0':20 '00':7,9 '1':17,19 '2018':2 '25':12 '288734':10 '40.4587860919':11 '41':6 '42003250300':16 '6':22 'central':14 'dpw':23 'exact':26 'mainten':25 'northsid':15 'pothol':21 'street':24 't18':5 'websit':1","Potholes","25",40.4587860919486,"2018-09-16T18:41:00","1","288734","DPW - Street Maintenance",-80.0151257460327,"25",275725,"1-21",2018-09-16
"24","Open","3","3","South Side Flats","EXACT","Report2Gov iOS","42003170200","'+00':24 '-09':19 '-15':20 '-24':12 '-79.984283':8 '00':23,25 '17':6 '2018':18 '288673':9 '3':10 '4':11 '40.426716':7 '42003170200':1 '50':22 'domi':4 'exact':17 'flat':15 'io':3 'pothol':16 'report2gov':2 'side':14 'south':13 'street':5 't13':21","Potholes","17",40.426716,"2018-09-15T13:50:00","3","288673","DOMI - Streets",-79.984283,"17",275664,"4-24",2018-09-15
"25","Open","4","5","Squirrel Hill South","EXACT","Call Center","42003140800","'+00':16 '-09':11 '-14':12 '-21':27 '-79.9135304':28 '00':15,17 '14':5 '2':26 '2018':10 '288382':7 '3':8 '38':14 '4':18 '40.4346422':9 '42003140800':6 '5':22 'call':20 'center':21 'dpw':23 'exact':4 'hill':2 'mainten':25 'pothol':19 'south':3 'squirrel':1 'street':24 't08':13","Potholes","14",40.4346422,"2018-09-14T08:38:00","3","288382","DPW - Street Maintenance",-79.9135304,"14",275370,"2-21",2018-09-14
"26","Open","2","6","Upper Hill","EXACT","Call Center","42003050600","'+00':20 '-09':15 '-14':16 '-23':27 '-79.9542147777':6 '00':19,21 '17':18 '2':8,26 '2018':14 '288374':13 '3':7 '40.4531582223':5 '42003050600':4 '5':9 '6':10 'call':11 'center':12 'dpw':23 'exact':22 'hill':3 'mainten':25 'overgrowth':1 'street':24 't08':17 'upper':2","Overgrowth","5",40.4531582223055,"2018-09-14T08:17:00","3","288374","DPW - Street Maintenance",-79.95421477771,"5",275362,"2-23",2018-09-14
"27","Open","4","5","Squirrel Hill South","EXACT","Call Center","42003141400","'+00':12 '-09':7 '-14':8 '-20':28 '-79.915619':20 '00':11,13 '08':10 '14':5 '2':27 '2018':6 '288404':16 '3':17 '4':19 '40.4237592':14 '42003141400':15 '5':18 'call':21 'center':22 'dpw':23 'exact':26 'hill':3 'mainten':25 'overgrowth':1 'south':4 'squirrel':2 'street':24 't09':9","Overgrowth","14",40.4237592,"2018-09-14T09:08:00","3","288404","DPW - Street Maintenance",-79.915619,"14",275392,"2-20",2018-09-14
"28","Open","4","5","Greenfield","EXACT","Call Center","42003151600","'+00':25 '-09':20 '-12':4 '-14':21 '-79.948402':5 '00':24,26 '13':23 '15':1 '2':3 '2018':19 '288514':13 '3':7 '4':9 '40.4259573':14 '42003151600':6 '5':8 'call':11 'center':12 'dpw':16 'exact':15 'greenfield':2 'mainten':18 'pothol':10 'street':17 't12':22","Potholes","15",40.4259573,"2018-09-14T12:13:00","3","288514","DPW - Street Maintenance",-79.948402,"15",275504,"2-12",2018-09-14
"29","Open","4","5","Swisshelm Park","EXACT","Website","42003141100","'+00':25 '-09':20 '-14':21 '-19':8 '-79.9030889':6 '00':24,26 '14':5 '2':7 '2018':19 '288499':4 '3':10 '34':23 '4':12 '40.4194379':9 '42003141100':14 '5':11 'dpw':15 'exact':18 'mainten':17 'park':3 'pothol':13 'street':16 'swisshelm':2 't11':22 'websit':1","Potholes","14",40.4194379,"2018-09-14T11:34:00","3","288499","DPW - Street Maintenance",-79.9030889,"14",275489,"2-19",2018-09-14
"30","Open","2","7","Central Lawrenceville","EXACT","Call Center","42003090200","'+00':12 '-09':7 '-14':8 '-3':15 '-79.9574943':20 '00':11,13 '2':19 '2018':6 '288639':5 '3':14,18 '31':10 '40.4703308':16 '42003090200':1 '7':4 '9':17 'call':22 'center':23 'central':2 'dpw':24 'exact':27 'lawrencevill':3 'mainten':26 'pothol':21 'street':25 't17':9","Potholes","9",40.4703308,"2018-09-14T17:31:00","2","288639","DPW - Street Maintenance",-79.9574943,"9",275630,"3-3",2018-09-14
"31","Open","3","3","South Side Slopes","EXACT","Website","42003160800","'+00':8 '-09':3 '-17':4 '-24':16 '-79.9695294':21 '0':13 '00':7,9 '16':10 '2018':2 '288772':11 '3':14 '30':6 '4':15 '40.4230499':25 '42003160800':12 'dpw':22 'exact':26 'mainten':24 'pothol':20 'side':18 'slope':19 'south':17 'street':23 't08':5 'websit':1","Potholes","16",40.4230499,"2018-09-17T08:30:00","3","288772","DPW - Street Maintenance",-79.9695294,"16",275767,"4-24",2018-09-17
"32","Open","3","3","Allentown","EXACT","Call Center","42003300100","'+00':13 '-09':8 '-17':9 '-6':3 '-79.9919610611':15 '0':16 '00':12,14 '18':19 '2018':7 '288781':4 '3':17 '39':11 '4':2 '40.4184124524':5 '42003300100':26 '5':18 'allentown':6 'call':20 'center':21 'dpw':22 'exact':25 'mainten':24 'overgrowth':1 'street':23 't08':10","Overgrowth","18",40.4184124524231,"2018-09-17T08:39:00","5","288781","DPW - Street Maintenance",-79.9919610610992,"18",275769,"4-6",2018-09-17
"33","Open","4","8","Point Breeze","EXACT","Call Center","42003140400","'+00':7 '-09':2 '-17':3,12 '-79.9113336':10 '0':13 '00':6,8 '14':9 '2':11 '2018':1 '288793':25 '3':14 '4':17 '40.4487978':27 '42003140400':28 '57':5 '8':21 'breez':16 'call':19 'center':20 'dpw':22 'exact':26 'mainten':24 'point':15 'pothol':18 'street':23 't08':4","Potholes","14",40.4487978,"2018-09-17T08:57:00","3","288793","DPW - Street Maintenance",-79.9113336,"14",275784,"2-17",2018-09-17
"34","Open","2","7","Polish Hill","EXACT","Website","42003060500","'+00':14 '-09':9 '-17':10 '-6':4 '-79.961397':2 '0':16 '00':13,15 '14':12 '2':3,17 '2018':8 '288801':22 '40.459311':21 '42003060500':6 '6':7 '7':5 'dpw':23 'exact':26 'hill':20 'mainten':25 'polish':19 'pothol':18 'street':24 't09':11 'websit':1","Potholes","6",40.459311,"2018-09-17T09:14:00","6","288801","DPW - Street Maintenance",-79.961397,"6",275793,"2-6",2018-09-17
"35","Open","5","7","Morningside","EXACT","Call Center","42003101400","'+00':8 '-09':3 '-17':4 '-7':13 '-79.9288688497':15 '00':7,9 '05':6 '10':1 '2':17 '2018':2 '288827':22 '3':12,16 '40.4835481815':14 '42003101400':11 '5':18 '7':10 'call':20 'center':21 'dpw':23 'exact':26 'mainten':25 'morningsid':27 'pothol':19 'street':24 't10':5","Potholes","10",40.4835481815073,"2018-09-17T10:05:00","2","288827","DPW - Street Maintenance",-79.9288688497376,"10",275816,"3-7",2018-09-17
"36","Open","4","5","Hays","EXACT","Call Center","42003562900","'+00':8 '-09':3 '-17':4 '-20':20 '-79.9328165':13 '0':14 '00':7,9 '11':6 '2018':2 '288832':27 '3':15 '31':12 '4':17,19 '40.3898208':26 '42003562900':10 '5':16 'call':21 'center':22 'dpw':23 'exact':11 'hay':1 'mainten':25 'pothol':18 'street':24 't10':5","Potholes","31",40.3898208,"2018-09-17T10:11:00","3","288832","DPW - Street Maintenance",-79.9328165,"31",275823,"4-20",2018-09-17
"37","Open","1","1","Brighton Heights","EXACT","Call Center","42003270100","'+00':17 '-09':12 '-14':3 '-17':13 '-80.0394855':25 '0':6 '00':16,18 '1':2,5 '2018':11 '24':15 '27':1 '288838':9 '40.4818286':4 '42003270100':26 'brighton':7 'call':19 'center':20 'dpw':21 'exact':24 'height':8 'mainten':23 'pothol':10 'street':22 't10':14","Potholes","27",40.4818286,"2018-09-17T10:24:00","1","288838","DPW - Street Maintenance",-80.0394855,"27",275829,"1-14",2018-09-17
"38","Open","4","8","Point Breeze","EXACT","Call Center","42003140400","'+00':22 '-09':17 '-17':6,18 '-79.9198277':4 '0':7 '00':21,23 '14':3 '19':20 '2':5 '2018':16 '288861':2 '3':8 '4':11 '40.4472094':1 '42003140400':28 '8':15 'breez':10 'call':13 'center':14 'dpw':25 'exact':24 'mainten':27 'point':9 'pothol':12 'street':26 't11':19","Potholes","14",40.4472094,"2018-09-17T11:19:00","3","288861","DPW - Street Maintenance",-79.9198277,"14",275851,"2-17",2018-09-17
"39","Open","1","1","Spring Hill-City View","EXACT","Website","42003262000","'+00':8 '-09':3 '-11':23 '-18':4 '-79.9958769':15 '0':21 '00':7,9 '1':20,22 '2018':2 '26':17 '289426':19 '39':6 '40.4666808':18 '42003262000':16 'city':13 'dpw':25 'exact':28 'hill':12 'hill-city':11 'maintenance':27 'potholes':24 'spring':10 'street':26 't19':5 'view':14 'website':1","Potholes","26",40.4666808,"2018-09-18T19:39:00","1","289426","DPW - Street Maintenance",-79.9958769,"26",275867,"1-11",2018-09-18
"40","Open","4","5","Lincoln Place","EXACT","Call Center","42003310200","'+00':12 '-09':7 '-19':8 '-20':21 '-79.9173244':5 '00':11,13 '2018':6 '289508':2 '3':16 '31':3 '34':10 '4':18,20 '40.3793571':4 '42003310200':1 '5':17 'call':22 'center':23 'dpw':24 'exact':27 'lincoln':14 'maintenance':26 'place':15 'potholes':19 'street':25 't09':9","Potholes","31",40.3793571,"2018-09-19T09:34:00","3","289508","DPW - Street Maintenance",-79.9173244,"31",275870,"4-20",2018-09-19
"41","Open","3","2","Duquesne Heights","EXACT","Call Center","42003191100","'+00':27 '-09':22 '-1':2 '-19':23 '-80.0252341':9 '0':10 '00':25,26,28 '19':4 '2':12 '2018':21 '289514':7 '3':11 '4':1 '40.4343068':3 '42003191100':8 '5':13 'call':15 'center':16 'dpw':17 'duquesne':5 'exact':20 'heights':6 'maintenance':19 'potholes':14 'street':18 't10':24","Potholes","19",40.4343068,"2018-09-19T10:00:00","5","289514","DPW - Street Maintenance",-80.0252341,"19",275887,"4-1",2018-09-19
"42","Open","3","4","Mount Washington","EXACT","Website","42003191500","'+00':9 '-09':4 '-19':5 '-28':26 '-80.0116457':14 '00':8,10 '06':7 '19':11 '2018':3 '289518':2 '3':13 '4':16,25 '40.4143744':24 '42003191500':12 '5':15 'dpw':20 'exact':23 'maintenance':22 'mount':18 'potholes':17 'street':21 't10':6 'washington':19 'website':1","Potholes","19",40.4143744,"2018-09-19T10:06:00","5","289518","DPW - Street Maintenance",-80.0116457,"19",275892,"4-28",2018-09-19
"43","Closed","4","5","Hays","EXACT","Control Panel","42003562900","'+00':16 '-09':11 '-19':12 '-20':9 '-79.935751':4 '00':15,17 '1':19 '2018':10 '289534':23 '3':18 '31':7 '38':14 '4':8,21 '40.390405':3 '42003562900':6 '5':20 'control':1 'dpw':24 'exact':27 'hays':5 'maintenance':26 'panel':2 'potholes':22 'street':25 't10':13","Potholes","31",40.390405,"2018-09-19T10:38:00","3","289534","DPW - Street Maintenance",-79.935751,"31",275917,"4-20",2018-09-19
"44","Open","1","6","Perry South","EXACT","Call Center","42003270400","'+00':12 '-09':7 '-19':8 '-80.0249946':14 '-9':2 '0':17 '00':11,13 '1':1,16 '2018':6 '26':15 '289539':22 '40.4669273':23 '42003270400':5 '47':10 '6':19 'call':20 'center':21 'dpw':25 'exact':24 'maintenance':27 'perry':3 'potholes':18 'south':4 'street':26 't10':9","Potholes","26",40.4669273,"2018-09-19T10:47:00","1","289539","DPW - Street Maintenance",-80.0249946,"26",275922,"1-9",2018-09-19
"45","Open","6","2","East Carnegie","EXACT","Call Center","42003562800","'+00':8 '-09':3 '-19':4,27 '-80.0733774':11 '00':7,9 '1':26 '2':17 '2018':2 '28':14 '289553':10 '3':16 '40.4156408':1 '42003562800':15 '5':18 '54':6 '6':20 'call':21 'carnegie':13 'center':22 'dpw':23 'east':12 'exact':28 'maintenance':25 'potholes':19 'street':24 't10':5","Potholes","28",40.4156408,"2018-09-19T10:54:00","5","289553","DPW - Street Maintenance",-80.0733774,"28",275937,"1-19",2018-09-19
"46","Open","4","8","Squirrel Hill North","EXACT","Call Center","42003140300","'+00':13 '-09':8 '-18':28 '-19':9 '-79.9238587':5 '00':12,14 '14':2 '2':27 '2018':7 '289551':1 '3':18 '4':19 '40.4439598':6 '42003140300':4 '53':11 '8':23 'call':21 'center':22 'dpw':24 'exact':3 'hill':16 'maintenance':26 'north':17 'potholes':20 'squirrel':15 'street':25 't10':10","Potholes","14",40.4439598,"2018-09-19T10:53:00","3","289551","DPW - Street Maintenance",-79.9238587,"14",275936,"2-18",2018-09-19
"47","Open","6","4","Brookline","EXACT","Call Center","42003191700","'+00':19 '-09':14 '-19':15 '-25':26 '-80.0036708':27 '0':5 '00':18,20 '19':2 '2018':13 '289558':4 '4':8,25 '40.4025854':1 '42003191700':3 '5':7 '59':17 '6':10 'brookline':6 'call':11 'center':12 'dpw':21 'exact':24 'maintenance':23 'potholes':9 'street':22 't10':16","Potholes","19",40.4025854,"2018-09-19T10:59:00","5","289558","DPW - Street Maintenance",-80.0036708,"19",275944,"4-25",2018-09-19
"48","Open","1","1","Marshall-Shadeland","EXACT","Call Center","42003271500","'+00':17 '-09':12 '-14':20 '-19':13 '-80.0348051':26 '0':10 '00':16,18 '1':9,19 '10':15 '2018':11 '27':2 '289565':3 '40.4710639':4 '42003271500':27 'call':21 'center':22 'dpw':23 'exact':8 'maintenance':25 'marshall':6 'marshall-shadeland':5 'overgrowth':1 'shadeland':7 'street':24 't11':14","Overgrowth","27",40.4710639,"2018-09-19T11:10:00","1","289565","DPW - Street Maintenance",-80.0348051,"27",275958,"1-14",2018-09-19
"49","Open","6","2","Crafton Heights","EXACT","Call Center","42003281500","'+00':13 '-09':8 '-18':28 '-19':9 '-80.0571943569':1 '00':12,14 '1':27 '14':11 '2':16 '2018':7 '28':5 '289567':2 '3':15 '40.4388729199':25 '42003281500':6 '5':17 '6':19 'call':20 'center':21 'crafton':3 'dpw':22 'exact':26 'heights':4 'maintenance':24 'potholes':18 'street':23 't11':10","Potholes","28",40.4388729198824,"2018-09-19T11:14:00","5","289567","DPW - Street Maintenance",-80.0571943568695,"28",275966,"1-18",2018-09-19
"50","Open","6","4","Brookline","EXACT","Control Panel","42003191700","'+00':7 '-09':2 '-19':3 '-26':18 '-80.00977':11 '00':6,8 '15':5 '19':12 '2018':1 '289570':14 '3':19 '4':17,21 '40.39897':10 '42003191700':23 '5':20 '6':22 'brookline':13 'control':15 'dpw':24 'exact':27 'maintenance':26 'overgrowth':9 'panel':16 'street':25 't11':4","Overgrowth","19",40.39897,"2018-09-19T11:15:00","5","289570","DPW - Street Maintenance",-80.00977,"19",275965,"4-26",2018-09-19
"51","Open","4","5","Greenfield","EXACT","Call Center","42003151600","'+00':23 '-09':18 '-12':6 '-19':19 '-79.9455676':1 '00':22,24 '15':2 '19':21 '2':5 '2018':17 '289577':4 '3':8 '4':10 '40.4220095':26 '42003151600':25 '5':9 'call':12 'center':13 'dpw':14 'exact':7 'greenfield':3 'maintenance':16 'potholes':11 'street':15 't11':20","Potholes","15",40.4220095,"2018-09-19T11:19:00","3","289577","DPW - Street Maintenance",-79.9455676,"15",275972,"2-12",2018-09-19
"52","Open","6","2","Elliott","EXACT","Call Center","42003562600","'+00':10 '-09':5 '-17':16 '-19':6 '-80.0430796282':26 '0':14 '00':9,11 '1':15 '2':17 '20':3 '2018':4 '289592':2 '40.4463895511':12 '42003562600':13 '45':8 '5':18 '6':20 'call':21 'center':22 'dpw':23 'elliott':27 'exact':19 'maintenance':25 'overgrowth':1 'street':24 't11':7","Overgrowth","20",40.4463895511121,"2018-09-19T11:45:00","5","289592","DPW - Street Maintenance",-80.0430796282417,"20",275995,"1-17",2018-09-19
"53","Closed","3","4","Overbrook","EXACT","Call Center","42003320700","'+00':15 '-09':10 '-14':11 '-25':5 '-80.0030741':22 '00':14,16 '1':7 '2018':9 '288428':1 '3':8 '32':3 '36':13 '4':4,18 '40.3754098':26 '42003320700':6 '5':17 'call':20 'center':21 'dpw':23 'exact':27 'maintenance':25 'overbrook':2 'potholes':19 'street':24 't09':12","Potholes","32",40.3754098,"2018-09-14T09:36:00","5","288428","DPW - Street Maintenance",-80.0030741,"32",275416,"4-25",2018-09-14
"54","Open","6","2","West End","EXACT","Call Center","42003562600","'+00':23 '-09':18 '-17':8 '-19':19 '-80.0319639':5 '00':22,24 '01':21 '1':7 '2':11 '20':1 '2018':17 '289599':4 '3':10 '40.4340827':6 '42003562600':9 '5':12 '6':14 'call':15 'center':16 'dpw':26 'end':3 'exact':25 'maintenance':28 'potholes':13 'street':27 't12':20 'west':2","Potholes","20",40.4340827,"2018-09-19T12:01:00","5","289599","DPW - Street Maintenance",-80.0319639,"20",276003,"1-17",2018-09-19
"55","Open","4","5","Squirrel Hill South","EXACT","Call Center","42003141400","'+00':27 '-09':22 '-15':11 '-19':23 '-79.9209769':6 '00':26,28 '05':25 '14':7 '2':10 '2018':21 '289602':5 '3':12 '4':14 '40.4210319':9 '42003141400':8 '5':13 'call':15 'center':16 'dpw':17 'exact':20 'hill':3 'maintenance':19 'overgrowth':1 'south':4 'squirrel':2 'street':18 't12':24","Overgrowth","14",40.4210319,"2018-09-19T12:05:00","3","289602","DPW - Street Maintenance",-79.9209769,"14",276009,"2-15",2018-09-19
"56","Open","4","3","Central Oakland","EXACT","Call Center","42003040600","'+00':7 '-09':2 '-11':25 '-19':3 '-79.9546497':18 '00':6,8 '2':24 '2018':1 '21':5 '289611':9 '3':11 '4':14 '40.4368331':23 '42003040600':10 'call':16 'center':17 'central':12 'dpw':19 'exact':22 'maintenance':21 'oakland':13 'potholes':15 'street':20 't12':4","Potholes","4",40.4368331,"2018-09-19T12:21:00","3","289611","DPW - Street Maintenance",-79.9546497,"4",276018,"2-11",2018-09-19
"57","Open","2","7","Central Lawrenceville","EXACT","Call Center","42003090200","'+00':11 '-09':6 '-19':7 '-3':16 '-79.9595451':27 '00':10,12 '2':19 '2018':5 '289614':3 '29':9 '3':15,18 '40.4702046':4 '42003090200':1 '7':2 '9':17 'call':21 'center':22 'central':13 'dpw':23 'exact':26 'lawrenceville':14 'maintenance':25 'potholes':20 'street':24 't12':8","Potholes","9",40.4702046,"2018-09-19T12:29:00","2","289614","DPW - Street Maintenance",-79.9595451,"9",276023,"3-3",2018-09-19
"58","Open","3","4","Overbrook","EXACT","Website","42003320700","'+00':7 '-09':2 '-19':3 '-25':25 '-79.9998605036':16 '00':6,8 '2018':1 '289626':13 '3':15 '32':12 '36':5 '4':18,24 '40.381158622':10 '42003320700':14 '5':17 'dpw':20 'exact':23 'maintenance':22 'overbrook':11 'potholes':19 'street':21 't12':4 'website':9","Potholes","32",40.3811586220318,"2018-09-19T12:36:00","5","289626","DPW - Street Maintenance",-79.9998605035917,"32",276040,"4-25",2018-09-19
"59","Open","6","2","Elliott","EXACT","Call Center","42003562600","'+00':11 '-09':6 '-17':14 '-19':7 '-80.0431948138':4 '00':10,12 '1':13 '2':17 '20':2 '2018':5 '289662':3 '3':16 '40.4463675244':19 '42003562600':15 '5':18 '57':9 '6':20 'call':21 'center':22 'dpw':23 'elliott':27 'exact':26 'maintenance':25 'overgrowth':1 'street':24 't13':8","Overgrowth","20",40.4463675243807,"2018-09-19T13:57:00","5","289662","DPW - Street Maintenance",-80.0431948137696,"20",276096,"1-17",2018-09-19
"60","Open","1","1","Perry North","EXACT","Call Center","42003260700","'+00':25 '-09':20 '-15':4 '-19':21 '-80.0122637':17 '0':10 '00':24,26 '1':3,9 '2018':19 '26':5 '289687':8 '35':23 '40.4806723':7 '42003260700':6 'call':12 'center':13 'dpw':14 'exact':18 'maintenance':16 'north':2 'perry':1 'potholes':11 'street':15 't14':22","Potholes","26",40.4806723,"2018-09-19T14:35:00","1","289687","DPW - Street Maintenance",-80.0122637,"26",276121,"1-15",2018-09-19
"61","Open","1","6","Manchester","EXACT","Call Center","42003210700","'+00':14 '-09':9 '-19':10 '-8':3 '-80.0240039':26 '0':17 '00':13,15 '1':2,16 '2018':8 '21':5 '289689':1 '40':12 '40.4520276':4 '42003210700':7 '6':20 'call':21 'center':22 'dpw':23 'exact':6 'maintenance':25 'manchester':18 'potholes':19 'street':24 't14':11","Potholes","21",40.4520276,"2018-09-19T14:40:00","1","289689","DPW - Street Maintenance",-80.0240039,"21",276124,"1-8",2018-09-19
"62","Open","6","2","Sheraden","EXACT","Call Center","42003202200","'+00':17 '-09':12 '-16':8 '-19':13 '-80.0593144':5 '00':16,18 '02':15 '1':7 '2':10 '20':2 '2018':11 '289698':1 '3':9 '40.4523388':6 '42003202200':4 '5':23 '6':20 'call':21 'center':22 'dpw':24 'exact':27 'maintenance':26 'potholes':19 'sheraden':3 'street':25 't15':14","Potholes","20",40.4523388,"2018-09-19T15:02:00","5","289698","DPW - Street Maintenance",-80.0593144,"20",276133,"1-16",2018-09-19
"63","Open","3","4","Overbrook","EXACT","Call Center","42003320700","'+00':7 '-09':2 '-19':3 '-25':14 '-80.0017144':20 '00':6,8 '2018':1 '28':5 '289710':10 '3':16 '32':11 '4':13,18 '40.3840458':12 '42003320700':15 '5':17 'call':21 'center':22 'dpw':23 'exact':26 'maintenance':25 'overbrook':9 'potholes':19 'street':24 't15':4","Potholes","32",40.3840458,"2018-09-19T15:28:00","5","289710","DPW - Street Maintenance",-80.0017144,"32",276146,"4-25",2018-09-19
"64","Open","5","7","Morningside","EXACT","Call Center","42003101400","'+00':12 '-09':7 '-19':8 '-7':16 '-79.9247462546':3 '00':11,13 '10':2 '2':18 '2018':6 '289717':1 '3':15,17 '40.4869936358':14 '42003101400':5 '5':19 '55':10 '7':4 'call':21 'center':22 'dpw':23 'exact':26 'maintenance':25 'morningside':27 'potholes':20 'street':24 't15':9","Potholes","10",40.4869936358445,"2018-09-19T15:55:00","2","289717","DPW - Street Maintenance",-79.924746254631,"10",276154,"3-7",2018-09-19
"65","Open","3","3","Beltzhoover","EXACT","Call Center","42003562400","'+00':8 '-09':3 '-19':4 '-21':11 '-80.0001144':14 '00':7,9 '18':13 '2018':2 '289688':1 '3':16 '36':6 '4':10 '40.4144419':15 '42003562400':25 '5':17 'beltzhoover':12 'call':19 'center':20 'dpw':21 'exact':24 'maintenance':23 'potholes':18 'street':22 't14':5","Potholes","18",40.4144419,"2018-09-19T14:36:00","5","289688","DPW - Street Maintenance",-80.0001144,"18",276123,"4-21",2018-09-19
"66","Closed","2","6","Central Business District","EXACT","Call Center","42003030500","'+00':15 '-09':10 '-19':11 '-4':4 '-79.9908687':5 '00':14,16 '02':13 '1':7 '2':3,24 '2018':9 '289719':6 '3':8 '40.4427798':2 '42003030500':17 '6':21 'business':19 'call':22 'center':23 'central':18 'district':20 'dpw':25 'exact':28 'maintenance':27 'overgrowth':1 'street':26 't16':12","Overgrowth","3",40.4427798,"2018-09-19T16:02:00","6","289719","DPW - Street Maintenance",-79.9908687,"3",276156,"2-4",2018-09-19
"67","Open","1","1","Spring Hill-City View","EXACT","Call Center","42003262000","'+00':18 '-09':13 '-19':14 '-24':9 '-79.9986217':7 '0':21 '00':17,19 '1':8,20 '15':16 '2018':12 '24':1 '289725':28 '40.4645195':11 '42003262000':10 'call':23 'center':24 'city':5 'dpw':25 'exact':29 'hill':4 'hill-city':3 'maintenance':27 'potholes':22 'spring':2 'street':26 't16':15 'view':6","Potholes","24",40.4645195,"2018-09-19T16:15:00","1","289725","DPW - Street Maintenance",-79.9986217,"24",276162,"1-24",2018-09-19
"68","Open","1","1","Marshall-Shadeland","EXACT","Call Center","42003270400","'+00':17 '-09':12 '-14':10 '-19':13 '-80.0295327':27 '0':7 '00':16,18 '1':6,9 '2018':11 '27':1 '289737':22 '35':15 '40.4678929':5 '42003270400':8 'call':20 'center':21 'dpw':24 'exact':23 'maintenance':26 'marshall':3 'marshall-shadeland':2 'potholes':19 'shadeland':4 'street':25 't16':14","Potholes","27",40.4678929,"2018-09-19T16:35:00","1","289737","DPW - Street Maintenance",-80.0295327,"27",276172,"1-14",2018-09-19
"69","Open","4","8","Shadyside","EXACT","Call Center","42003070900","'+00':14 '-09':9 '-19':10 '-79.9469366':2 '-9':5 '00':13,15 '2':4,16 '2018':8 '289734':22 '3':7 '30':12 '4':17 '40.4509488':1 '42003070900':6 '7':3 '8':19 'call':20 'center':21 'dpw':23 'exact':27 'maintenance':25 'potholes':18 'shadyside':26 'street':24 't16':11","Potholes","7",40.4509488,"2018-09-19T16:30:00","2","289734","DPW - Street Maintenance",-79.9469366,"7",276170,"2-9",2018-09-19
"70","Open","4","5","Lincoln Place","EXACT","Call Center","42003310200","'+00':10 '-09':5 '-19':6 '-20':20 '-79.9105137':27 '00':9,11 '2018':4 '289741':12 '3':15 '31':3 '4':17,19 '40.3714917':2 '42003310200':1 '46':8 '5':16 'call':21 'center':22 'dpw':23 'exact':26 'lincoln':13 'maintenance':25 'place':14 'potholes':18 'street':24 't16':7","Potholes","31",40.3714917,"2018-09-19T16:46:00","3","289741","DPW - Street Maintenance",-79.9105137,"31",276178,"4-20",2018-09-19
"71","Open","1","1","Fineview","EXACT","Call Center","42003250900","'+00':24 '-09':19 '-10':9 '-19':20 '-80.0032608':2 '0':7 '00':23,25 '1':6,8 '19':22 '2018':18 '25':1 '289751':4 '40.4598568':13 '42003250900':3 'call':11 'center':12 'dpw':14 'exact':17 'fineview':5 'maintenance':16 'potholes':10 'street':15 't17':21","Potholes","25",40.4598568,"2018-09-19T17:19:00","1","289751","DPW - Street Maintenance",-80.0032608,"25",276188,"1-10",2018-09-19
"72","Open","5","9","Larimer","EXACT","Call Center","42003120400","'+00':21 '-09':16 '-12':7 '-17':17 '-79.9095412':5 '00':20,22 '12':3 '2':1 '2018':15 '289056':23 '3':6,9 '33':19 '40.4660428':4 '42003120400':10 '5':11 '9':8 'call':13 'center':14 'dpw':25 'exact':24 'larimer':12 'maintenance':27 'overgrowth':2 'street':26 't16':18","Overgrowth","12",40.4660428,"2018-09-17T16:33:00","2","289056","DPW - Street Maintenance",-79.9095412,"12",276189,"3-12",2018-09-17
"73","Open","5","9","Larimer","EXACT","Call Center","42003120400","'+00':26 '-09':21 '-12':5 '-17':22 '-79.9097717':2 '00':25,27 '12':3 '2':15 '2018':20 '289057':19 '3':4,9 '34':24 '40.4661753':7 '42003120400':10 '5':11 '9':8 'call':13 'center':14 'dpw':16 'exact':6 'larimer':12 'maintenance':18 'overgrowth':1 'street':17 't16':23","Overgrowth","12",40.4661753,"2018-09-17T16:34:00","2","289057","DPW - Street Maintenance",-79.9097717,"12",276190,"3-12",2018-09-17
"74","Open","4","8","Point Breeze","EXACT","Call Center","42003140400","'+00':25 '-09':20 '-17':6 '-19':21 '-79.9124763365':7 '00':24,26 '04':23 '14':2 '2':5 '2018':19 '289452':1 '3':8 '4':11 '40.4515189362':4 '42003140400':27 '8':15 'breeze':10 'call':13 'center':14 'dpw':16 'exact':3 'maintenance':18 'point':9 'potholes':12 'street':17 't08':22","Potholes","14",40.451518936214,"2018-09-19T08:04:00","3","289452","DPW - Street Maintenance",-79.9124763365235,"14",276213,"2-17",2018-09-19
"75","Open","2","6","Terrace Village","EXACT","Website","42003051100","'+00':11 '-09':6 '-1':3 '-19':7 '-79.9739497':23 '00':10,12 '2':2,16 '2018':5 '289767':4 '3':15 '40.4408494':26 '42003051100':14 '5':17 '59':9 '6':19 'dpw':20 'exact':13 'maintenance':22 'potholes':18 'street':21 't20':8 'terrace':24 'village':25 'website':1","Potholes","5",40.4408494,"2018-09-19T20:59:00","3","289767","DPW - Street Maintenance",-79.9739497,"5",276206,"2-1",2018-09-19
"76","Open","3","3","Arlington","EXACT","Website","42003561600","'+00':13 '-09':8 '-19':9 '-79.9747603175':22 '-8':4 '00':12,14 '16':2 '2018':7 '289736':20 '3':15 '31':11 '4':3 '40.4141269077':23 '42003561600':6 'arlington':5 'dpw':17 'exact':21 'maintenance':19 'potholes':16 'street':18 't16':10 'website':1","Potholes","16",40.414126907694,"2018-09-19T16:31:00","3","289736","DPW - Street Maintenance",-79.9747603175471,"16",276174,"4-8",2018-09-19
"77","Open","3","3","Arlington","EXACT","Report2Gov iOS","42003561600","'+00':14 '-09':9 '-19':10 '-79.97477':17 '-8':7 '00':13,15 '16':5 '2018':8 '289739':19 '3':18 '4':6 '40':12 '40.414154':22 '42003561600':16 'arlington':21 'domi':3 'exact':23 'ios':2 'potholes':20 'report2gov':1 'streets':4 't16':11","Potholes","16",40.414154,"2018-09-19T16:40:00","3","289739","DOMI - Streets",-79.97477,"16",276176,"4-8",2018-09-19
"78","Open","6","2","Sheraden","EXACT","Call Center","42003202200","'+00':15 '-09':10 '-16':7 '-19':11 '-80.0574668':5 '00':14,16 '03':13 '1':6 '2':22 '20':2 '2018':9 '289699':1 '3':8 '40.4536017':27 '42003202200':4 '5':17 '6':19 'call':20 'center':21 'dpw':23 'exact':26 'maintenance':25 'potholes':18 'sheraden':3 'street':24 't15':12","Potholes","20",40.4536017,"2018-09-19T15:03:00","5","289699","DPW - Street Maintenance",-80.0574668,"20",276134,"1-16",2018-09-19
"79","Open","4","8","Squirrel Hill North","EXACT","Report2Gov iOS","42003140300","'+00':26 '-09':21 '-18':19 '-20':22 '-79.92366':9 '00':25,27 '14':5 '2':18 '2018':20 '21':24 '289776':6 '3':13 '4':14 '40.443394':17 '42003140300':8 '8':16 'domi':3 'exact':7 'hill':11 'ios':2 'north':12 'potholes':15 'report2gov':1 'squirrel':10 'streets':4 't07':23","Potholes","14",40.443394,"2018-09-20T07:21:00","3","289776","DOMI - Streets",-79.92366,"14",276223,"2-18",2018-09-20
"80","Open","4","5","Squirrel Hill South","EXACT","Email","42003141400","'+00':8 '-09':3 '-20':4 '-21':25 '-79.9263437':16 '00':7,9 '11':6 '14':27 '2':24 '2018':2 '289782':1 '3':17 '4':19 '40.4274009':12 '42003141400':11 '5':18 'dpw':21 'email':26 'exact':10 'hill':14 'maintenance':23 'potholes':20 'south':15 'squirrel':13 'street':22 't08':5","Potholes","14",40.4274009,"2018-09-20T08:11:00","3","289782","DPW - Street Maintenance",-79.9263437,"14",276235,"2-21",2018-09-20
"81","Open","4","5","Squirrel Hill South","EXACT","Call Center","42003141400","'+00':17 '-09':12 '-20':13 '-21':28 '-79.9259549':9 '00':16,18 '12':15 '14':5 '2':27 '2018':11 '289784':4 '3':10 '4':20 '40.4269535':8 '42003141400':7 '5':19 'call':22 'center':23 'dpw':24 'exact':6 'hill':2 'maintenance':26 'potholes':21 'south':3 'squirrel':1 'street':25 't08':14","Potholes","14",40.4269535,"2018-09-20T08:12:00","3","289784","DPW - Street Maintenance",-79.9259549,"14",276234,"2-21",2018-09-20
"82","Open","1","6","Fineview","EXACT","Call Center","42003250900","'+00':11 '-09':6 '-10':18 '-20':7 '-80.0075188':4 '0':15 '00':10,12 '1':14,17 '2018':5 '25':1 '289791':13 '30':9 '40.4633612':16 '42003250900':3 '6':20 'call':21 'center':22 'dpw':23 'exact':26 'fineview':2 'maintenance':25 'potholes':19 'street':24 't08':8","Potholes","25",40.4633612,"2018-09-20T08:30:00","1","289791","DPW - Street Maintenance",-80.0075188,"25",276261,"1-10",2018-09-20
"83","Open","2","6","Upper Hill","EXACT","Call Center","42003050600","'+00':24 '-09':19 '-20':20 '-22':27 '-79.9601879':1 '00':23,25 '16':22 '2':8,26 '2018':18 '289807':4 '3':7 '40.4514742':6 '42003050600':5 '5':9 '6':11 'call':12 'center':13 'dpw':14 'exact':17 'hill':3 'maintenance':16 'potholes':10 'street':15 't09':21 'upper':2","Potholes","5",40.4514742,"2018-09-20T09:16:00","3","289807","DPW - Street Maintenance",-79.9601879,"5",276278,"2-22",2018-09-20
"84","Open","2","6","Upper Hill","EXACT","Call Center","42003050600","'+00':24 '-09':19 '-20':20 '-22':27 '-79.960316':6 '00':23,25 '17':22 '2':8,26 '2018':18 '289809':2 '3':7 '40.4525152':1 '42003050600':5 '5':9 '6':11 'call':12 'center':13 'dpw':14 'exact':17 'hill':4 'maintenance':16 'potholes':10 'street':15 't09':21 'upper':3","Potholes","5",40.4525152,"2018-09-20T09:17:00","3","289809","DPW - Street Maintenance",-79.960316,"5",276280,"2-22",2018-09-20
"85","Open","1","1","Marshall-Shadeland","EXACT","Call Center","42003271500","'+00':17 '-09':12 '-14':20 '-20':13 '-80.0285099':27 '0':3 '00':16,18 '1':10,19 '2018':11 '27':2 '289822':5 '35':15 '40.4701403':6 '42003271500':26 'call':21 'center':22 'dpw':23 'exact':4 'maintenance':25 'marshall':8 'marshall-shadeland':7 'overgrowth':1 'shadeland':9 'street':24 't09':14","Overgrowth","27",40.4701403,"2018-09-20T09:35:00","1","289822","DPW - Street Maintenance",-80.0285099,"27",276294,"1-14",2018-09-20
"86","Open","4","5","Lincoln Place","EXACT","Call Center","42003310200","'+00':26 '-09':21 '-20':12,22 '-79.912149':4 '00':25,27 '2018':20 '289824':2 '3':7 '31':3 '38':24 '4':9,11 '40.3730011':18 '42003310200':1 '5':8 'call':13 'center':14 'dpw':15 'exact':19 'lincoln':5 'maintenance':17 'place':6 'potholes':10 'street':16 't09':23","Potholes","31",40.3730011,"2018-09-20T09:38:00","3","289824","DPW - Street Maintenance",-79.912149,"31",276296,"4-20",2018-09-20
"87","Open","4","5","Lincoln Place","EXACT","Call Center","42003310200","'+00':25 '-09':20 '-20':12,21 '-79.914728':3 '00':24,26 '2018':19 '289825':1 '3':7 '31':4 '39':23 '4':9,11 '40.378191':27 '42003310200':2 '5':8 'call':13 'center':14 'dpw':15 'exact':18 'lincoln':5 'maintenance':17 'place':6 'potholes':10 'street':16 't09':22","Potholes","31",40.378191,"2018-09-20T09:39:00","3","289825","DPW - Street Maintenance",-79.914728,"31",276297,"4-20",2018-09-20
"88","Open","4","5","Lincoln Place","EXACT","Call Center","42003310200","'+00':26 '-09':21 '-20':13,22 '-79.9126943646':4 '00':25,27 '2018':20 '289827':3 '3':8 '31':5 '39':24 '4':10,12 '40.3769502296':2 '42003310200':1 '5':9 'call':14 'center':15 'dpw':16 'exact':19 'lincoln':6 'maintenance':18 'place':7 'potholes':11 'street':17 't09':23","Potholes","31",40.3769502295561,"2018-09-20T09:39:00","3","289827","DPW - Street Maintenance",-79.9126943645569,"31",276299,"4-20",2018-09-20
"89","Open","1","6","Perry South","EXACT","Call Center","42003261500","'+00':16 '-09':11 '-20':12 '-23':9 '-80.0139288':6 '0':18 '00':15,17 '1':8,19 '2018':10 '26':7 '289830':5 '40.4729988':27 '42003261500':4 '47':14 '6':20 'call':21 'center':22 'dpw':23 'exact':26 'maintenance':25 'overgrowth':1 'perry':2 'south':3 'street':24 't09':13","Overgrowth","26",40.4729988,"2018-09-20T09:47:00","1","289830","DPW - Street Maintenance",-80.0139288,"26",276302,"1-23",2018-09-20
"90","Open","6","4","Beechview","EXACT","Control Panel","42003191600","'+00':11 '-09':6 '-20':7 '-28':27 '-80.0227514':2 '00':10,12 '06':9 '19':4 '2018':5 '289839':13 '3':16 '4':19,26 '40.412128':17 '42003191600':3 '5':18 '6':20 'beechview':24 'control':14 'dpw':21 'exact':25 'maintenance':23 'overgrowth':1 'panel':15 'street':22 't10':8","Overgrowth","19",40.412128,"2018-09-20T10:06:00","5","289839","DPW - Street Maintenance",-80.0227514,"19",276311,"4-28",2018-09-20
"91","Open","3","4","Carrick","EXACT","Call Center","42003290200","'+00':24 '-09':19 '-12':7 '-20':20 '-79.9795749':10 '00':23,25 '2018':18 '289855':8 '29':5 '3':9 '38':22 '4':6,11 '40.4047149':3 '42003290200':17 'call':12 'carrick':1 'center':13 'dpw':14 'exact':4 'maintenance':16 'overgrowth':2 'street':15 't10':21","Overgrowth","29",40.4047149,"2018-09-20T10:38:00","3","289855","DPW - Street Maintenance",-79.9795749,"29",276329,"4-12",2018-09-20
"92","Open","4","5","Greenfield","EXACT","Call Center","42003151700","'+00':25 '-09':20 '-15':8 '-20':21 '-79.9360592':5 '00':24,26 '15':2 '2':7 '2018':19 '289856':9 '3':6 '4':11 '40':23 '40.4271962':4 '42003151700':14 '5':10 'call':12 'center':13 'dpw':15 'exact':18 'greenfield':3 'maintenance':17 'overgrowth':1 'street':16 't10':22","Overgrowth","15",40.4271962,"2018-09-20T10:40:00","3","289856","DPW - Street Maintenance",-79.9360592,"15",276330,"2-15",2018-09-20
"93","Open","3","3","Allentown","EXACT","Call Center","42003180300","'+00':24 '-09':19 '-20':20 '-21':5 '-79.9970917':2 '00':23,25 '07':22 '18':11 '2018':18 '289875':6 '3':8 '4':4 '40.4200385':7 '42003180300':1 '5':9 'allentown':3 'call':12 'center':13 'dpw':14 'exact':17 'maintenance':16 'potholes':10 'street':15 't11':21","Potholes","18",40.4200385,"2018-09-20T11:07:00","5","289875","DPW - Street Maintenance",-79.9970917,"18",276356,"4-21",2018-09-20
"94","Open","4","5","Greenfield","EXACT","Call Center","42003151700","'+00':12 '-09':7 '-12':5 '-20':8 '-79.9339827':14 '00':11,13 '09':10 '15':2 '2':4 '2018':6 '289878':1 '3':15 '4':17 '40.4202461':26 '42003151700':21 '5':16 'call':19 'center':20 'dpw':22 'exact':25 'greenfield':3 'maintenance':24 'potholes':18 'street':23 't11':9","Potholes","15",40.4202461,"2018-09-20T11:09:00","3","289878","DPW - Street Maintenance",-79.9339827,"15",276358,"2-12",2018-09-20
"95","Open","3","3","Arlington","EXACT","Twitter","42003561600","'+00':7 '-09':2 '-20':3 '-79.9747405':17 '-8':11 '00':6,8 '12':5 '16':14 '2018':1 '289880':9 '3':15 '4':10 '40.4142002':21 '42003561600':23 'arlington':12 'dpw':18 'exact':22 'maintenance':20 'potholes':16 'street':19 't11':4 'twitter':13","Potholes","16",40.4142002,"2018-09-20T11:12:00","3","289880","DPW - Street Maintenance",-79.9747405,"16",276362,"4-8",2018-09-20
"96","Open","5","9","Homewood North","EXACT","Call Center","42003130200","'+00':14 '-09':9 '-17':23 '-20':10 '-79.896271':7 '00':13,15 '13':2 '2':19 '2018':8 '27':12 '289890':21 '3':18,22 '40.459486':27 '42003130200':4 '5':20 '9':3 'call':16 'center':17 'dpw':24 'exact':28 'homewood':5 'maintenance':26 'north':6 'overgrowth':1 'street':25 't11':11","Overgrowth","13",40.459486,"2018-09-20T11:27:00","2","289890","DPW - Street Maintenance",-79.896271,"13",276373,"3-17",2018-09-20
"97","Open","5","9","Lincoln-Lemington-Belmar","EXACT","Call Center","42003561900","'+00':16 '-09':11 '-18':4 '-20':12 '-79.8904064':18 '00':15,17 '12':1 '2':9 '2018':10 '289898':6 '3':3,8 '40.4683367':2 '42003561900':5 '46':14 '5':22 '9':7 'belmar':29 'call':20 'center':21 'dpw':23 'exact':30 'lemington':28 'lincoln':27 'lincoln-lemington-belmar':26 'maintenance':25 'potholes':19 'street':24 't11':13","Potholes","12",40.4683367,"2018-09-20T11:46:00","2","289898","DPW - Street Maintenance",-79.8904064,"12",276383,"3-18",2018-09-20
"98","Open","3","3","South Side Slopes","EXACT","Call Center","42003160800","'+00':9 '-09':4 '-20':5 '-24':17 '-79.9661207':12 '00':8,10 '16':13 '2018':3 '289921':1 '3':15 '34':7 '4':16 '40.423304':14 '42003160800':2 'call':21 'center':22 'dpw':23 'exact':26 'maintenance':25 'overgrowth':11 'side':19 'slopes':20 'south':18 'street':24 't12':6","Overgrowth","16",40.423304,"2018-09-20T12:34:00","3","289921","DPW - Street Maintenance",-79.9661207,"16",276408,"4-24",2018-09-20
"99","Open","5","9","Lincoln-Lemington-Belmar","EXACT","Call Center","42003561900","'+00':29 '-09':24 '-18':14 '-20':25 '-79.8885445603':4 '00':28,30 '12':2 '2':8 '2018':23 '289920':1 '3':7,13 '33':27 '40.4728824985':22 '42003561900':5 '5':9 '9':6 'belmar':21 'call':11 'center':12 'dpw':15 'exact':3 'lemington':20 'lincoln':19 'lincoln-lemington-belmar':18 'maintenance':17 'potholes':10 'street':16 't12':26","Potholes","12",40.4728824985016,"2018-09-20T12:33:00","2","289920","DPW - Street Maintenance",-79.8885445603271,"12",276406,"3-18",2018-09-20
"100","Open","5","7","Highland Park","EXACT","Report2Gov iOS","42003110200","'+00':19 '-09':14 '-20':15 '-79.917641':10 '-9':26 '00':18,20 '11':24 '2':21 '2018':13 '289933':11 '3':12,25 '40.476658':7 '42003110200':9 '49':17 '5':22 '7':8 'domi':5 'exact':27 'highland':1 'ios':4 'park':2 'potholes':23 'report2gov':3 'streets':6 't12':16","Potholes","11",40.476658,"2018-09-20T12:49:00","2","289933","DOMI - Streets",-79.917641,"11",276420,"3-9",2018-09-20
"101","Open","3","2","Duquesne Heights","EXACT","Call Center","42003191100","'+00':18 '-09':13 '-1':2 '-20':14 '-80.0188966651':3 '00':17,19 '04':16 '19':9 '2':11 '2018':12 '289942':4 '3':10 '4':1 '40.4336741614':27 '42003191100':8 '5':23 'call':21 'center':22 'dpw':24 'duquesne':6 'exact':5 'heights':7 'maintenance':26 'potholes':20 'street':25 't13':15","Potholes","19",40.4336741614391,"2018-09-20T13:04:00","5","289942","DPW - Street Maintenance",-80.0188966650818,"19",276429,"4-1",2018-09-20
"102","Open","2","6","Central Business District","EXACT","Call Center","42003020100","'+00':8 '-09':3 '-20':4 '-4':12 '-79.997453846':19 '0':16 '00':7,9 '1':11 '2':18 '2018':2 '28':6 '289959':1 '40.439274306':17 '42003020100':10 '6':21 'business':14 'call':22 'center':23 'central':13 'district':15 'dpw':24 'exact':27 'maintenance':26 'potholes':20 'street':25 't13':5","Potholes","2",40.4392743059667,"2018-09-20T13:28:00","6","289959","DPW - Street Maintenance",-79.9974538460327,"2",276445,"1-4",2018-09-20
"103","Open","3","4","Overbrook","EXACT","Website","42003320700","'+00':15 '-09':10 '-20':11 '-25':6 '-79.997397573':2 '00':14,16 '2018':9 '289975':3 '3':8 '32':19 '4':5,17 '40.3830769594':25 '42003320700':7 '48':13 '5':20 'dpw':21 'exact':24 'maintenance':23 'overbrook':4 'potholes':18 'street':22 't13':12 'website':1","Potholes","32",40.383076959401,"2018-09-20T13:48:00","5","289975","DPW - Street Maintenance",-79.9973975730214,"32",276465,"4-25",2018-09-20
"104","Open","6","2","Oakwood","EXACT","Call Center","42003562800","'+00':25 '-09':20 '-19':5 '-20':21 '-80.0591896':1 '00':24,26 '1':4 '2':11 '2018':19 '27':23 '28':6 '289995':15 '3':10 '40.4266938':27 '42003562800':7 '5':12 '6':14 'call':8 'center':9 'dpw':16 'exact':2 'maintenance':18 'oakwood':3 'potholes':13 'street':17 't14':22","Potholes","28",40.4266938,"2018-09-20T14:27:00","5","289995","DPW - Street Maintenance",-80.0591896,"28",276487,"1-19",2018-09-20
"105","Open","6","2","Sheraden","EXACT","Call Center","42003562500","'+00':21 '-09':16 '-16':7 '-20':17 '-80.0541417':4 '00':20,22 '1':6 '2':9 '20':2 '2018':15 '290023':1 '3':8 '40.4551192':5 '42003562500':10 '5':26 '52':19 '6':12 'call':13 'center':14 'dpw':23 'exact':27 'maintenance':25 'potholes':11 'sheraden':3 'street':24 't15':18","Potholes","20",40.4551192,"2018-09-20T15:52:00","5","290023","DPW - Street Maintenance",-80.0541417,"20",276517,"1-16",2018-09-20
"106","Open","3","3","South Side Flats","EXACT","Call Center","42003170200","'+00':25 '-09':20 '-20':21 '-24':9 '-79.9773445':5 '00':24,26 '17':3 '2018':19 '290020':2 '3':7 '4':8 '40.4275036':6 '42':23 '42003170200':1 'call':14 'center':15 'dpw':16 'exact':4 'flats':12 'maintenance':18 'potholes':13 'side':11 'south':10 'street':17 't15':22","Potholes","17",40.4275036,"2018-09-20T15:42:00","3","290020","DPW - Street Maintenance",-79.9773445,"17",276514,"4-24",2018-09-20
"107","Open","1","6","Fineview","EXACT","Twitter","42003261400","'+00':19 '-09':14 '-20':15 '-22':8 '-80.0059179':3 '0':10 '00':18,20 '1':7,9 '2018':13 '26':1 '29':17 '290032':2 '40.467374':25 '42003261400':6 '6':12 'dpw':21 'exact':24 'fineview':5 'maintenance':23 'potholes':11 'street':22 't16':16 'twitter':4","Potholes","26",40.467374,"2018-09-20T16:29:00","1","290032","DPW - Street Maintenance",-80.0059179,"26",276526,"1-22",2018-09-20
"108","Open","3","4","Overbrook","EXACT","Call Center","42003320400","'+00':9 '-09':4 '-20':5 '-23':22 '-79.9879788':14 '00':8,10 '2018':3 '24':7 '290030':11 '3':15 '32':13 '4':17,21 '40.3818035':2 '42003320400':12 '5':16 'call':19 'center':20 'dpw':23 'exact':26 'maintenance':25 'overbrook':18 'overgrowth':1 'street':24 't16':6","Overgrowth","32",40.3818035,"2018-09-20T16:24:00","5","290030","DPW - Street Maintenance",-79.9879788,"32",276524,"4-23",2018-09-20
"109","Closed","2","6","Crawford-Roberts","EXACT","Call Center","42003030500","'+00':10 '-09':5 '-17':6 '-4':3 '-79.9910996964':12 '00':9,11 '1':16 '2':2,19 '2018':4 '23':8 '288979':17 '3':18 '40.4427584739':21 '42003030500':20 '6':22 'call':23 'center':24 'crawford':14 'crawford-roberts':13 'dpw':25 'exact':28 'maintenance':27 'overgrowth':1 'roberts':15 'street':26 't13':7","Overgrowth","3",40.4427584739251,"2018-09-17T13:23:00","6","288979","DPW - Street Maintenance",-79.9910996963867,"3",276552,"2-4",2018-09-17
"110","Closed","3","3","South Side Flats","EXACT","Call Center","42003160900","'+00':22 '-09':17 '-17':18 '-24':11 '-79.9763087':5 '00':21,23 '1':1 '12':20 '17':3 '2018':16 '288798':6 '3':9 '4':10 '40.4280349':4 '42003160900':2 'call':7 'center':8 'dpw':24 'exact':27 'flats':14 'maintenance':26 'potholes':15 'side':13 'south':12 'street':25 't09':19","Potholes","17",40.4280349,"2018-09-17T09:12:00","3","288798","DPW - Street Maintenance",-79.9763087,"17",275788,"4-24",2018-09-17
"111","Closed","3","3","South Side Slopes","EXACT","Call Center","42003160800","'+00':12 '-09':7 '-17':8 '-22':27 '-79.9719718122':3 '00':11,13 '1':15 '16':2 '2018':6 '288994':14 '3':16 '4':26 '40.4215781375':4 '42003160800':5 '52':10 'call':20 'center':21 'dpw':22 'exact':25 'maintenance':24 'overgrowth':1 'side':18 'slopes':19 'south':17 'street':23 't13':9","Overgrowth","16",40.4215781375275,"2018-09-17T13:52:00","3","288994","DPW - Street Maintenance",-79.9719718121643,"16",276617,"4-22",2018-09-17
"112","Closed","3","3","South Side Slopes","EXACT","Call Center","42003160800","'+00':11 '-09':6 '-14':7 '-22':27 '-79.9706361':25 '00':10,12 '1':4 '16':2 '2018':5 '288543':1 '3':13 '33':9 '4':26 '40.4210083':14 '42003160800':3 'call':19 'center':20 'dpw':21 'exact':24 'maintenance':23 'potholes':18 'side':16 'slopes':17 'south':15 'street':22 't13':8","Potholes","16",40.4210083,"2018-09-14T13:33:00","3","288543","DPW - Street Maintenance",-79.9706361,"16",275534,"4-22",2018-09-14
"113","Closed","6","2","Westwood","EXACT","Twitter","42003563100","'+00':15 '-09':10 '-14':11 '-18':25 '-80.0432757':2 '00':14,16 '1':8,24 '2':20 '2018':9 '28':6 '288466':1 '40.4293957':3 '42003563100':7 '45':13 '5':17 '6':19 'dpw':21 'exact':4 'maintenance':23 'potholes':18 'street':22 't10':12 'twitter':5 'westwood':26","Potholes","28",40.4293957,"2018-09-14T10:45:00","5","288466","DPW - Street Maintenance",-80.0432757,"28",275455,"1-18",2018-09-14
"114","Closed","4","5","Greenfield","EXACT","Website","42003151700","'+00':7 '-09':2 '-15':16 '-16':3 '-79.933734164':18 '00':6,8 '1':14 '15':10 '2':15 '2018':1 '288708':12 '3':17 '33':5 '4':20 '40.4260087671':13 '42003151700':22 '5':19 'dpw':23 'exact':26 'greenfield':11 'maintenance':25 'potholes':21 'street':24 't03':4 'website':9","Potholes","15",40.4260087671063,"2018-09-16T03:33:00","3","288708","DPW - Street Maintenance",-79.9337341640291,"15",275699,"2-15",2018-09-16
"115","Closed","3","2","Duquesne Heights","EXACT","Call Center","42003191100","'+00':9 '-09':4 '-1':2 '-14':5 '-80.0232928':27 '00':8,10 '1':17 '19':12 '2':19 '2018':3 '28':7 '288636':13 '3':18 '4':1 '40.4340272':11 '42003191100':16 '5':20 'call':22 'center':23 'dpw':24 'duquesne':14 'exact':28 'heights':15 'maintenance':26 'potholes':21 'street':25 't17':6","Potholes","19",40.4340272,"2018-09-14T17:28:00","5","288636","DPW - Street Maintenance",-80.0232928,"19",275627,"4-1",2018-09-14
